-- phpMyAdmin SQL Dump
-- version 2.11.11.3
-- http://www.phpmyadmin.net
--
-- Хост: localhost
-- Время создания: Авг 14 2013 г., 21:02
-- Версия сервера: 5.0.95
-- Версия PHP: 5.2.17

SET SQL_MODE="NO_AUTO_VALUE_ON_ZERO";


/*!40101 SET @OLD_CHARACTER_SET_CLIENT=@@CHARACTER_SET_CLIENT */;
/*!40101 SET @OLD_CHARACTER_SET_RESULTS=@@CHARACTER_SET_RESULTS */;
/*!40101 SET @OLD_COLLATION_CONNECTION=@@COLLATION_CONNECTION */;
/*!40101 SET NAMES utf8 */;

--
-- База данных: `ta3373_galaxy`
--

-- --------------------------------------------------------

--
-- Структура таблицы `glx_civilisations`
--

CREATE TABLE IF NOT EXISTS `glx_civilisations` (
  `id` int(11) NOT NULL auto_increment,
  `user_id` int(11) NOT NULL,
  `info` text NOT NULL,
  `star_id` int(11) NOT NULL,
  `planet` varchar(6) NOT NULL,
  PRIMARY KEY  (`id`)
) ENGINE=MyISAM  DEFAULT CHARSET=utf8 AUTO_INCREMENT=36 ;

--
-- Дамп данных таблицы `glx_civilisations`
--

INSERT INTO `glx_civilisations` (`id`, `user_id`, `info`, `star_id`, `planet`) VALUES
(10, 11, '{"creature_info":{"name":"Нари","type_id":5,"type":"Птицы","icon":"Hawk-icon.png","delivery":"хищник"},"population":1000,"gdp":100000,"age_id":0,"age":"Античность","states":[{"population":284,"gdp":26245,"type_id":1,"type":"Монархия","name":"Уйниланд","flag":"184.png","religion":{"type_id":0,"name":"Язычество"}},{"population":266,"gdp":30008,"type_id":1,"type":"Монархия","name":"Птеметрооляндия","flag":"229.png","religion":{"type_id":0,"name":"Язычество"}},{"population":195,"gdp":12309,"type_id":1,"type":"Монархия","name":"Троокисдомедния","flag":"156.png","religion":{"type_id":0,"name":"Язычество"}},{"population":82,"gdp":8262,"type_id":0,"type":"Демократия","name":"Гамедмеданляндия","flag":"220.png","religion":{"type_id":0,"name":"Язычество"}},{"population":50,"gdp":7660,"type_id":2,"type":"Теократия","name":"Леолистгеисса","flag":"60.png","religion":{"type_id":0,"name":"Язычество"}},{"population":43,"gdp":5275,"type_id":4,"type":"Социализм","name":"Фасоланд","flag":"63.png","religion":{"type_id":0,"name":"Язычество"}},{"population":27,"gdp":4159,"type_id":4,"type":"Социализм","name":"Олфанея","flag":"137.png","religion":{"type_id":0,"name":"Язычество"}},{"population":16,"gdp":1423,"type_id":3,"type":"Диктатура","name":"Кисмедмааея","flag":"10.png","religion":{"type_id":0,"name":"Язычество"}},{"population":15,"gdp":2491,"type_id":1,"type":"Монархия","name":"Листмелеодельгал","flag":"78.png","religion":{"type_id":0,"name":"Язычество"}},{"population":8,"gdp":807,"type_id":0,"type":"Демократия","name":"Матроригалродланд","flag":"223.png","religion":{"type_id":0,"name":"Язычество"}},{"population":7,"gdp":653,"type_id":2,"type":"Теократия","name":"Отролутрогал","flag":"163.png","religion":{"type_id":0,"name":"Язычество"}},{"population":4,"gdp":332,"type_id":1,"type":"Монархия","name":"Рилидаксоланд","flag":"240.png","religion":{"type_id":0,"name":"Язычество"}},{"population":2,"gdp":144,"type_id":3,"type":"Диктатура","name":"Томеануйния","flag":"9.png","religion":{"type_id":0,"name":"Язычество"}},{"population":1,"gdp":232,"type_id":4,"type":"Социализм","name":"Кисриурр","flag":"248.png","religion":{"type_id":0,"name":"Язычество"}}]}', 10, '2/5'),
(2, 4, '{"creature_info":{"name":"Человек","type_id":1,"type":"Приматы","icon":"Fry-icon.png","delivery":"травоядный"},"population":1000,"gdp":100000,"age_id":0,"age":"Античность","states":[{"population":358,"gdp":40844,"type_id":4,"type":"Социализм","name":"Мляцеия","flag":"187.png","religion":{"type_id":0,"name":"Язычество"}},{"population":195,"gdp":23117,"type_id":4,"type":"Социализм","name":"Иссолматэя","flag":"79.png","religion":{"type_id":0,"name":"Язычество"}},{"population":120,"gdp":10135,"type_id":4,"type":"Социализм","name":"Лолокисдактель","flag":"139.png","religion":{"type_id":0,"name":"Язычество"}},{"population":117,"gdp":11452,"type_id":0,"type":"Демократия","name":"Матбялистания","flag":"176.png","religion":{"type_id":0,"name":"Язычество"}},{"population":57,"gdp":3769,"type_id":1,"type":"Монархия","name":"Онолуррматэя","flag":"122.png","religion":{"type_id":0,"name":"Язычество"}},{"population":53,"gdp":2864,"type_id":0,"type":"Демократия","name":"Опроский Союз","flag":"91.png","religion":{"type_id":0,"name":"Язычество"}},{"population":33,"gdp":3342,"type_id":2,"type":"Теократия","name":"Листтолиринания","flag":"141.png","religion":{"type_id":0,"name":"Язычество"}},{"population":25,"gdp":1248,"type_id":0,"type":"Демократия","name":"Гелолглисоэя","flag":"188.png","religion":{"type_id":0,"name":"Язычество"}},{"population":14,"gdp":1386,"type_id":2,"type":"Теократия","name":"Додротоланд","flag":"77.png","religion":{"type_id":0,"name":"Язычество"}},{"population":9,"gdp":287,"type_id":4,"type":"Социализм","name":"Елудельлоланд","flag":"149.png","religion":{"type_id":0,"name":"Язычество"}},{"population":9,"gdp":880,"type_id":2,"type":"Теократия","name":"Птелистолтрое","flag":"58.png","religion":{"type_id":0,"name":"Язычество"}},{"population":4,"gdp":230,"type_id":2,"type":"Теократия","name":"Уррметри","flag":"65.png","religion":{"type_id":0,"name":"Язычество"}},{"population":3,"gdp":133,"type_id":0,"type":"Демократия","name":"Галлолдроея","flag":"81.png","religion":{"type_id":0,"name":"Язычество"}},{"population":2,"gdp":155,"type_id":2,"type":"Теократия","name":"Нимляуйфан","flag":"51.png","religion":{"type_id":0,"name":"Язычество"}},{"population":1,"gdp":158,"type_id":0,"type":"Демократия","name":"Мараессляндия","flag":"51.png","religion":{"type_id":0,"name":"Язычество"}}]}', 2, '1/5'),
(3, 3, '{"creature_info":{"name":"Эларавен","type_id":5,"type":"Птицы","icon":"Hawk-icon.png","delivery":"хищник"},"population":1000,"gdp":100000,"age_id":0,"age":"Античность","states":[{"population":382,"gdp":25761,"type_id":0,"type":"Демократия","name":"Ессмемцения","flag":"89.png","religion":{"type_id":0,"name":"Язычество"}},{"population":283,"gdp":28762,"type_id":1,"type":"Монархия","name":"Бяматзеринея","flag":"217.png","religion":{"type_id":0,"name":"Язычество"}},{"population":108,"gdp":21766,"type_id":4,"type":"Социализм","name":"Еглиай","flag":"181.png","religion":{"type_id":0,"name":"Язычество"}},{"population":64,"gdp":4821,"type_id":1,"type":"Монархия","name":"Оссрадиания","flag":"183.png","religion":{"type_id":0,"name":"Язычество"}},{"population":58,"gdp":10141,"type_id":3,"type":"Диктатура","name":"Олдоалланд","flag":"85.png","religion":{"type_id":0,"name":"Язычество"}},{"population":33,"gdp":3409,"type_id":3,"type":"Диктатура","name":"Риниский Союз","flag":"221.png","religion":{"type_id":0,"name":"Язычество"}},{"population":28,"gdp":2385,"type_id":0,"type":"Демократия","name":"Лииасслистродия","flag":"145.png","religion":{"type_id":0,"name":"Язычество"}},{"population":19,"gdp":989,"type_id":3,"type":"Диктатура","name":"Донмлятельгаэя","flag":"196.png","religion":{"type_id":0,"name":"Язычество"}},{"population":13,"gdp":858,"type_id":4,"type":"Социализм","name":"Роддафалония","flag":"206.png","religion":{"type_id":0,"name":"Язычество"}},{"population":6,"gdp":432,"type_id":1,"type":"Монархия","name":"Ринуйай","flag":"230.png","religion":{"type_id":0,"name":"Язычество"}},{"population":3,"gdp":327,"type_id":3,"type":"Диктатура","name":"Нитродель","flag":"179.png","religion":{"type_id":0,"name":"Язычество"}},{"population":2,"gdp":137,"type_id":0,"type":"Демократия","name":"Тримемедский Союз","flag":"68.png","religion":{"type_id":0,"name":"Язычество"}},{"population":1,"gdp":212,"type_id":3,"type":"Диктатура","name":"Риниия","flag":"210.png","religion":{"type_id":0,"name":"Язычество"}}]}', 3, '1/-1'),
(4, 9, '{"creature_info":{"name":"Древериумо","type_id":3,"type":"Копытные","icon":"Goat-icon.png","delivery":"травоядный"},"population":1000,"gdp":100000,"age_id":0,"age":"Античность","states":[{"population":382,"gdp":39883,"type_id":1,"type":"Монархия","name":"Уссцето","flag":"6.png","religion":{"type_id":0,"name":"Язычество"}},{"population":305,"gdp":20276,"type_id":2,"type":"Теократия","name":"Воалский Союз","flag":"19.png","religion":{"type_id":0,"name":"Язычество"}},{"population":152,"gdp":16093,"type_id":0,"type":"Демократия","name":"Арфаонэя","flag":"54.png","religion":{"type_id":0,"name":"Язычество"}},{"population":68,"gdp":7345,"type_id":4,"type":"Социализм","name":"Тотельво","flag":"228.png","religion":{"type_id":0,"name":"Язычество"}},{"population":28,"gdp":8107,"type_id":3,"type":"Диктатура","name":"Зецеанелсоия","flag":"52.png","religion":{"type_id":0,"name":"Язычество"}},{"population":27,"gdp":2204,"type_id":2,"type":"Теократия","name":"Дакмаланд","flag":"95.png","religion":{"type_id":0,"name":"Язычество"}},{"population":14,"gdp":1972,"type_id":2,"type":"Теократия","name":"Додигалиссмеея","flag":"201.png","religion":{"type_id":0,"name":"Язычество"}},{"population":11,"gdp":1525,"type_id":1,"type":"Монархия","name":"Албяиссптераланд","flag":"45.png","religion":{"type_id":0,"name":"Язычество"}},{"population":5,"gdp":1256,"type_id":2,"type":"Теократия","name":"Родпроуйолния","flag":"165.png","religion":{"type_id":0,"name":"Язычество"}},{"population":4,"gdp":488,"type_id":2,"type":"Теократия","name":"Нопродельгеания","flag":"1.png","religion":{"type_id":0,"name":"Язычество"}},{"population":2,"gdp":341,"type_id":4,"type":"Социализм","name":"Луелэя","flag":"128.png","religion":{"type_id":0,"name":"Язычество"}},{"population":2,"gdp":510,"type_id":3,"type":"Диктатура","name":"Дондонице","flag":"82.png","religion":{"type_id":0,"name":"Язычество"}}]}', 4, '1/2'),
(5, 5, '{"creature_info":{"name":"Галдак","type_id":0,"type":"Кошачьи","icon":"Cat-icon.png","delivery":"всеядный"},"population":1000,"gdp":100000,"age_id":0,"age":"Античность","states":[{"population":349,"gdp":29400,"type_id":0,"type":"Демократия","name":"Меданания","flag":"14.png","religion":{"type_id":0,"name":"Язычество"}},{"population":290,"gdp":35996,"type_id":2,"type":"Теократия","name":"Протриланд","flag":"58.png","religion":{"type_id":0,"name":"Язычество"}},{"population":114,"gdp":10706,"type_id":2,"type":"Теократия","name":"Тоцемеанания","flag":"12.png","religion":{"type_id":0,"name":"Язычество"}},{"population":105,"gdp":12045,"type_id":2,"type":"Теократия","name":"Антоволуессэя","flag":"207.png","religion":{"type_id":0,"name":"Язычество"}},{"population":67,"gdp":3197,"type_id":2,"type":"Теократия","name":"Риуррдирилоай","flag":"152.png","religion":{"type_id":0,"name":"Язычество"}},{"population":25,"gdp":2866,"type_id":1,"type":"Монархия","name":"Ноуррланд","flag":"112.png","religion":{"type_id":0,"name":"Язычество"}},{"population":16,"gdp":2156,"type_id":3,"type":"Диктатура","name":"Фанриглисоский Союз","flag":"76.png","religion":{"type_id":0,"name":"Язычество"}},{"population":15,"gdp":1276,"type_id":1,"type":"Монархия","name":"Просомаар","flag":"27.png","religion":{"type_id":0,"name":"Язычество"}},{"population":7,"gdp":498,"type_id":3,"type":"Диктатура","name":"Зекис","flag":"28.png","religion":{"type_id":0,"name":"Язычество"}},{"population":6,"gdp":622,"type_id":0,"type":"Демократия","name":"Тродроуйдельания","flag":"164.png","religion":{"type_id":0,"name":"Язычество"}},{"population":3,"gdp":582,"type_id":4,"type":"Социализм","name":"Иссуссда","flag":"165.png","religion":{"type_id":0,"name":"Язычество"}},{"population":2,"gdp":239,"type_id":4,"type":"Социализм","name":"Дакригеоланд","flag":"57.png","religion":{"type_id":0,"name":"Язычество"}},{"population":1,"gdp":417,"type_id":2,"type":"Теократия","name":"Нимародгеарр","flag":"256.png","religion":{"type_id":0,"name":"Язычество"}}]}', 5, '1/2'),
(7, 10, '{"creature_info":{"name":"Разе","type_id":3,"type":"Копытные","icon":"White-Horse-icon.png","delivery":"травоядный"},"population":1000,"gdp":100000,"age_id":0,"age":"Античность","states":[{"population":451,"gdp":27121,"type_id":1,"type":"Монархия","name":"Рилуланд","flag":"162.png","religion":{"type_id":0,"name":"Язычество"}},{"population":159,"gdp":12065,"type_id":4,"type":"Социализм","name":"Зематассай","flag":"161.png","religion":{"type_id":0,"name":"Язычество"}},{"population":159,"gdp":26940,"type_id":3,"type":"Диктатура","name":"Алелтельо","flag":"157.png","religion":{"type_id":0,"name":"Язычество"}},{"population":115,"gdp":12071,"type_id":3,"type":"Диктатура","name":"Ценизе","flag":"210.png","religion":{"type_id":0,"name":"Язычество"}},{"population":45,"gdp":10378,"type_id":4,"type":"Социализм","name":"Олтрокис","flag":"165.png","religion":{"type_id":0,"name":"Язычество"}},{"population":20,"gdp":4361,"type_id":3,"type":"Диктатура","name":"Бяарлеокисолэя","flag":"104.png","religion":{"type_id":0,"name":"Язычество"}},{"population":19,"gdp":2565,"type_id":4,"type":"Социализм","name":"Римемвофанмаэя","flag":"172.png","religion":{"type_id":0,"name":"Язычество"}},{"population":15,"gdp":1268,"type_id":4,"type":"Социализм","name":"Гаето","flag":"159.png","religion":{"type_id":0,"name":"Язычество"}},{"population":6,"gdp":978,"type_id":0,"type":"Демократия","name":"Леодондакарния","flag":"134.png","religion":{"type_id":0,"name":"Язычество"}},{"population":4,"gdp":534,"type_id":2,"type":"Теократия","name":"Согалродай","flag":"103.png","religion":{"type_id":0,"name":"Язычество"}},{"population":4,"gdp":726,"type_id":4,"type":"Социализм","name":"Арглиродда","flag":"201.png","religion":{"type_id":0,"name":"Язычество"}},{"population":2,"gdp":459,"type_id":3,"type":"Диктатура","name":"Алгалмляонания","flag":"142.png","religion":{"type_id":0,"name":"Язычество"}},{"population":1,"gdp":534,"type_id":1,"type":"Монархия","name":"Меделеланд","flag":"18.png","religion":{"type_id":0,"name":"Язычество"}}]}', 7, '2/6'),
(22, 6, '{"creature_info":{"name":"Уссаррринад","type_id":0,"type":"Кошачьи","icon":"Cat-icon.png","delivery":"хищник"},"population":1000,"gdp":100000,"age_id":0,"age":"Античность","states":[{"population":292,"gdp":28528,"type_id":2,"type":"Теократия","name":"Тиия","flag":"223.png","religion":{"type_id":0,"name":"Язычество"}},{"population":263,"gdp":31733,"type_id":2,"type":"Теократия","name":"Кастраад","flag":"220.png","religion":{"type_id":0,"name":"Язычество"}},{"population":221,"gdp":16640,"type_id":3,"type":"Диктатура","name":"Гонина","flag":"9.png","religion":{"type_id":0,"name":"Язычество"}},{"population":84,"gdp":10826,"type_id":0,"type":"Демократия","name":"Веея","flag":"219.png","religion":{"type_id":0,"name":"Язычество"}},{"population":70,"gdp":4404,"type_id":0,"type":"Демократия","name":"Каина","flag":"199.png","religion":{"type_id":0,"name":"Язычество"}},{"population":24,"gdp":2279,"type_id":0,"type":"Демократия","name":"Ваея","flag":"13.png","religion":{"type_id":0,"name":"Язычество"}},{"population":20,"gdp":2443,"type_id":3,"type":"Диктатура","name":"Анина","flag":"13.png","religion":{"type_id":0,"name":"Язычество"}},{"population":11,"gdp":1565,"type_id":4,"type":"Социализм","name":"Гаа","flag":"154.png","religion":{"type_id":0,"name":"Язычество"}},{"population":8,"gdp":411,"type_id":0,"type":"Демократия","name":"Джеир","flag":"164.png","religion":{"type_id":0,"name":"Язычество"}},{"population":4,"gdp":405,"type_id":4,"type":"Социализм","name":"Бруан","flag":"188.png","religion":{"type_id":0,"name":"Язычество"}},{"population":2,"gdp":262,"type_id":2,"type":"Теократия","name":"Бруы","flag":"59.png","religion":{"type_id":0,"name":"Язычество"}},{"population":1,"gdp":504,"type_id":3,"type":"Диктатура","name":"Гибия","flag":"75.png","religion":{"type_id":0,"name":"Язычество"}}]}', 22, '1/-1');

-- --------------------------------------------------------

--
-- Структура таблицы `glx_requests`
--

CREATE TABLE IF NOT EXISTS `glx_requests` (
  `id` int(11) NOT NULL auto_increment,
  `email` varchar(50) collate utf8_unicode_ci NOT NULL,
  `login` varchar(50) collate utf8_unicode_ci NOT NULL,
  `date` int(20) NOT NULL default '0',
  PRIMARY KEY  (`id`),
  UNIQUE KEY `email` (`email`)
) ENGINE=MyISAM  DEFAULT CHARSET=utf8 COLLATE=utf8_unicode_ci AUTO_INCREMENT=17 ;

--
-- Дамп данных таблицы `glx_requests`
--

INSERT INTO `glx_requests` (`id`, `email`, `login`, `date`) VALUES
(2, 'tairesh.rus@gmail.com', '', 1362229257),
(3, 'russia901@mail.ru', '', 1362241572),
(5, 'nerewartan@mail.ru', '', 1362417476),
(6, 'deviltalker@rambler.ru', '', 1362592798),
(8, 'tankist_savtchuk@mail.ru', '', 1362773450),
(9, 'yavatslav@gmail.com', '', 1363029177),
(11, 'ninja-storm@mail.ru', '', 1363105195),
(14, 'akihiro@bk.ru', 'asd', 1372427768),
(15, 'ser.alexander2013@yandex.ru', 'Serebro22', 1372440580),
(16, 'allamericans@mail.ru', 'Andy', 1376421753);

-- --------------------------------------------------------

--
-- Структура таблицы `glx_stars`
--

CREATE TABLE IF NOT EXISTS `glx_stars` (
  `id` int(11) NOT NULL auto_increment,
  `data` text character set utf8 collate utf8_unicode_ci NOT NULL,
  `coords` varchar(20) character set utf8 collate utf8_unicode_ci NOT NULL,
  PRIMARY KEY  (`id`)
) ENGINE=MyISAM  DEFAULT CHARSET=utf8 AUTO_INCREMENT=47 ;

--
-- Дамп данных таблицы `glx_stars`
--

INSERT INTO `glx_stars` (`id`, `data`, `coords`) VALUES
(46, 'O:4:"Star":10:{s:11:"\0*\0spectral";s:3:"K0V";s:7:"\0*\0temp";d:3500;s:11:"\0*\0mass_sol";d:0.61587695834925482163413335001678206026554107666015625;s:17:"\0*\0luminosity_sol";d:0.1438718489680525236540375999538809992372989654541015625;s:7:"\0*\0name";s:42:"оранжевый карлик Татуу";s:7:"\0*\0text";s:204:"Это космический объект<br><br>Это звезда<br>Она называется «Татуу»<br>Она принадлежит к классу «оранжевый карлик»<br>";s:7:"\0*\0mass";d:1224930000000000111634219532288;s:9:"\0*\0radius";i:439000;s:16:"\0*\0galaxy_coords";a:3:{s:1:"x";i:-516;s:1:"y";i:885;s:1:"z";i:-79;}s:13:"\0*\0sattelites";a:10:{i:0;O:6:"Planet":17:{s:9:"\0*\0energy";d:12953.24621024183943518437445163726806640625;s:9:"\0*\0albedo";d:0.6550000000000000266453525910037569701671600341796875;s:11:"\0*\0eff_temp";d:374.65499238988968500052578747272491455078125;s:14:"\0*\0eff_temp_С";d:101.65499238988968500052578747272491455078125;s:17:"\0*\0orbital_radius";d:0.123175391669850975429056916254921816289424896240234375;s:17:"\0*\0orbital_period";d:0.055085709785789631343089212123231845907866954803466796875;s:6:"\0*\0day";i:50;s:13:"\0*\0axial_tilt";i:2;s:13:"\0*\0mass_earth";d:0.84115939755255719756377175144734792411327362060546875;s:10:"\0*\0gravity";d:17.620815118438571289516403339803218841552734375;s:13:"\0*\0atmosphere";a:3:{s:8:"pressure";i:0;s:9:"structure";a:0:{}s:6:"clouds";i:0;}s:7:"\0*\0name";s:41:"каменная планета Planet440";s:7:"\0*\0text";s:201:"Это космический объект<br><br>Это планета<br>Она называется «Planet440»<br>Она принадлежит к типу «каменная планета»<br>";s:7:"\0*\0mass";d:5023403922183871396839424;s:9:"\0*\0radius";i:4362;s:16:"\0*\0galaxy_coords";a:3:{s:1:"x";i:-516;s:1:"y";i:885;s:1:"z";i:-79;}s:13:"\0*\0sattelites";a:0:{}}i:1;O:6:"Planet":17:{s:9:"\0*\0energy";d:1366;s:9:"\0*\0albedo";d:0.3449999999999999733546474089962430298328399658203125;s:11:"\0*\0eff_temp";d:250.6138654149730200515477918088436126708984375;s:14:"\0*\0eff_temp_С";d:-22.3861345850269799484522081911563873291015625;s:17:"\0*\0orbital_radius";d:0.3793044278255297552249203363317064940929412841796875;s:17:"\0*\0orbital_period";d:0.29766987878273398759887413689284585416316986083984375;s:6:"\0*\0day";i:50;s:13:"\0*\0axial_tilt";i:23;s:13:"\0*\0mass_earth";d:1.32090367116410423165007159695960581302642822265625;s:10:"\0*\0gravity";d:13.32844851890098425428732298314571380615234375;s:13:"\0*\0atmosphere";a:3:{s:8:"pressure";i:101;s:9:"structure";a:7:{s:2:"N2";d:67.2699999999999960209606797434389591217041015625;s:2:"O2";d:23.949999999999999289457264239899814128875732421875;s:3:"CH4";d:8.67999999999999971578290569595992565155029296875;s:2:"O3";d:0.05000000000000000277555756156289135105907917022705078125;s:2:"H2";d:0.0299999999999999988897769753748434595763683319091796875;s:2:"CO";d:0.01000000000000000020816681711721685132943093776702880859375;s:3:"SO2";d:0.01000000000000000020816681711721685132943093776702880859375;}s:6:"clouds";i:36;}s:7:"\0*\0name";s:44:"каменная планета Татуин";s:7:"\0*\0text";s:204:"Это космический объект<br><br>Это планета<br>Она называется «Татуин»<br>Она принадлежит к типу «каменная планета»<br>";s:7:"\0*\0mass";d:7888436724192031314804736;s:9:"\0*\0radius";i:6285;s:16:"\0*\0galaxy_coords";b:0;s:13:"\0*\0sattelites";a:0:{}}i:2;O:6:"Planet":17:{s:9:"\0*\0energy";d:428.20648628898646848028874956071376800537109375;s:9:"\0*\0albedo";d:0.2270000000000000073274719625260331667959690093994140625;s:11:"\0*\0eff_temp";d:195.4520721189547884932835586369037628173828125;s:14:"\0*\0eff_temp_С";d:-77.5479278810452115067164413630962371826171875;s:17:"\0*\0orbital_radius";d:0.67746465418418033710423742377315647900104522705078125;s:17:"\0*\0orbital_period";d:0.71053092363090020189275719530996866524219512939453125;s:6:"\0*\0day";i:44;s:13:"\0*\0axial_tilt";i:150;s:13:"\0*\0mass_earth";d:1.7496881855217798484858349183923564851284027099609375;s:10:"\0*\0gravity";d:14.69065741730366170259003411047160625457763671875;s:13:"\0*\0atmosphere";a:3:{s:8:"pressure";i:0;s:9:"structure";a:0:{}s:6:"clouds";i:0;}s:7:"\0*\0name";s:56:"большая каменная планета Planet604";s:7:"\0*\0text";s:216:"Это космический объект<br><br>Это планета<br>Она называется «Planet604»<br>Она принадлежит к типу «большая каменная планета»<br>";s:7:"\0*\0mass";d:10449137843936069083463680;s:9:"\0*\0radius";i:6890;s:16:"\0*\0galaxy_coords";a:3:{s:1:"x";i:-516;s:1:"y";i:885;s:1:"z";i:-79;}s:13:"\0*\0sattelites";a:0:{}}i:3;O:6:"Planet":17:{s:9:"\0*\0energy";d:143.526273797693505684947012923657894134521484375;s:9:"\0*\0albedo";d:0.458000000000000018207657603852567262947559356689453125;s:11:"\0*\0eff_temp";d:136.086413725315679812410962767899036407470703125;s:14:"\0*\0eff_temp_С";d:-136.913586274684320187589037232100963592529296875;s:17:"\0*\0orbital_radius";d:1.17016622086358434984276755130849778652191162109375;s:17:"\0*\0orbital_period";d:1.6129628236432822507850914917071349918842315673828125;s:6:"\0*\0day";i:41;s:13:"\0*\0axial_tilt";i:27;s:13:"\0*\0mass_earth";d:0.056378600823045264822663824588744319044053554534912109375;s:10:"\0*\0gravity";d:4.00070581293212246265511566889472305774688720703125;s:13:"\0*\0atmosphere";a:3:{s:8:"pressure";i:0;s:9:"structure";a:0:{}s:6:"clouds";i:0;}s:7:"\0*\0name";s:35:"малая планета Planet312";s:7:"\0*\0text";s:195:"Это космический объект<br><br>Это планета<br>Она называется «Planet312»<br>Она принадлежит к типу «малая планета»<br>";s:7:"\0*\0mass";d:336693004115226342195200;s:9:"\0*\0radius";i:2370;s:16:"\0*\0galaxy_coords";a:3:{s:1:"x";i:-516;s:1:"y";i:885;s:1:"z";i:-79;}s:13:"\0*\0sattelites";a:0:{}}i:4;O:6:"Planet":17:{s:9:"\0*\0energy";d:42.296314155891735708792111836373805999755859375;s:9:"\0*\0albedo";d:0.4819999999999999840127884453977458178997039794921875;s:11:"\0*\0eff_temp";d:99.1380028892523341710329987108707427978515625;s:14:"\0*\0eff_temp_С";d:-173.8619971107476658289670012891292572021484375;s:17:"\0*\0orbital_radius";d:2.1555693542223917091860130312852561473846435546875;s:17:"\0*\0orbital_period";d:4.03270099846487273254069805261678993701934814453125;s:6:"\0*\0day";i:23;s:13:"\0*\0axial_tilt";i:4;s:13:"\0*\0mass_earth";d:2.38791287997492940320398702169768512248992919921875;s:10:"\0*\0gravity";d:11.7660781134441041473337463685311377048492431640625;s:13:"\0*\0atmosphere";a:3:{s:8:"pressure";i:167;s:9:"structure";a:2:{s:2:"N2";d:96.7099999999999937472239253111183643341064453125;s:3:"CH4";d:3.2900000000000062527760746888816356658935546875;}s:6:"clouds";i:93;}s:7:"\0*\0name";s:56:"большая каменная планета Planet800";s:7:"\0*\0text";s:216:"Это космический объект<br><br>Это планета<br>Она называется «Planet800»<br>Она принадлежит к типу «большая каменная планета»<br>";s:7:"\0*\0mass";d:14260615719210280202272768;s:9:"\0*\0radius";i:8994;s:16:"\0*\0galaxy_coords";a:3:{s:1:"x";i:-516;s:1:"y";i:885;s:1:"z";i:-79;}s:13:"\0*\0sattelites";a:0:{}}i:5;O:6:"Planet":17:{s:9:"\0*\0energy";d:11.54221092469756371201583533547818660736083984375;s:9:"\0*\0albedo";d:0.1529999999999999971134201359745929948985576629638671875;s:11:"\0*\0eff_temp";d:81.026149198721526545341475866734981536865234375;s:14:"\0*\0eff_temp_С";d:-191.973850801278473454658524133265018463134765625;s:17:"\0*\0orbital_radius";d:4.12637562094000731605092369136400520801544189453125;s:17:"\0*\0orbital_period";d:10.68085846859182908019647584296762943267822265625;s:6:"\0*\0day";i:15;s:13:"\0*\0axial_tilt";i:13;s:13:"\0*\0mass_earth";d:1.725705108116577957133586096460931003093719482421875;s:10:"\0*\0gravity";d:14.2197293924820034050071626552380621433258056640625;s:13:"\0*\0atmosphere";a:3:{s:8:"pressure";i:0;s:9:"structure";a:0:{}s:6:"clouds";i:0;}s:7:"\0*\0name";s:56:"большая каменная планета Planet371";s:7:"\0*\0text";s:216:"Это космический объект<br><br>Это планета<br>Она называется «Planet371»<br>Она принадлежит к типу «большая каменная планета»<br>";s:7:"\0*\0mass";d:10305910905672205099597824;s:9:"\0*\0radius";i:6955;s:16:"\0*\0galaxy_coords";a:3:{s:1:"x";i:-516;s:1:"y";i:885;s:1:"z";i:-79;}s:13:"\0*\0sattelites";a:0:{}}i:6;O:6:"Planet":17:{s:9:"\0*\0energy";d:3.019228765279840853708037684555165469646453857421875;s:9:"\0*\0albedo";d:0.2640000000000000124344978758017532527446746826171875;s:11:"\0*\0eff_temp";d:55.94683900069437498814295395277440547943115234375;s:14:"\0*\0eff_temp_С";d:-217.053160999305617906429688446223735809326171875;s:17:"\0*\0orbital_radius";d:8.067988154375239417959164711646735668182373046875;s:17:"\0*\0orbital_period";d:29.201213509967754333729317295365035533905029296875;s:6:"\0*\0day";i:20;s:13:"\0*\0axial_tilt";i:5;s:13:"\0*\0mass_earth";d:7.76492478846756473132018072647042572498321533203125;s:10:"\0*\0gravity";d:22.386662786452863116437583812512457370758056640625;s:13:"\0*\0atmosphere";a:3:{s:8:"pressure";i:0;s:9:"structure";a:0:{}s:6:"clouds";i:0;}s:7:"\0*\0name";s:56:"большая каменная планета Planet935";s:7:"\0*\0text";s:216:"Это космический объект<br><br>Это планета<br>Она называется «Planet935»<br>Она принадлежит к типу «большая каменная планета»<br>";s:7:"\0*\0mass";d:46372130836728299625906176;s:9:"\0*\0radius";i:11758;s:16:"\0*\0galaxy_coords";a:3:{s:1:"x";i:-516;s:1:"y";i:885;s:1:"z";i:-79;}s:13:"\0*\0sattelites";a:0:{}}i:7;O:6:"Planet":17:{s:9:"\0*\0energy";d:0.7723943417803453836967264578561298549175262451171875;s:9:"\0*\0albedo";d:0.1229999999999999982236431605997495353221893310546875;s:11:"\0*\0eff_temp";d:41.5711237437100322722471901215612888336181640625;s:14:"\0*\0eff_temp_С";d:-231.4288762562899819386075250804424285888671875;s:17:"\0*\0orbital_radius";d:15.95121322124570184541880735196173191070556640625;s:17:"\0*\0orbital_period";d:81.1789822777285934307656134478747844696044921875;s:6:"\0*\0day";i:30;s:13:"\0*\0axial_tilt";i:6;s:13:"\0*\0mass_earth";d:8.5284957693513003817997741862200200557708740234375;s:10:"\0*\0gravity";d:23.836216443581601964751826017163693904876708984375;s:13:"\0*\0atmosphere";a:3:{s:8:"pressure";i:200;s:9:"structure";a:2:{s:2:"N2";d:93.2999999999999971578290569595992565155029296875;s:3:"CH4";d:6.7000000000000028421709430404007434844970703125;}s:6:"clouds";i:88;}s:7:"\0*\0name";s:56:"большая каменная планета Planet509";s:7:"\0*\0text";s:216:"Это космический объект<br><br>Это планета<br>Она называется «Planet509»<br>Она принадлежит к типу «большая каменная планета»<br>";s:7:"\0*\0mass";d:50932176734565967329230848;s:9:"\0*\0radius";i:11942;s:16:"\0*\0galaxy_coords";a:3:{s:1:"x";i:-516;s:1:"y";i:885;s:1:"z";i:-79;}s:13:"\0*\0sattelites";a:0:{}}i:8;O:6:"Planet":17:{s:9:"\0*\0energy";d:0.1953548302044202655824989278698922134935855865478515625;s:9:"\0*\0albedo";d:0.69699999999999995292654375589336268603801727294921875;s:11:"\0*\0eff_temp";d:22.602099931076413241726186242885887622833251953125;s:14:"\0*\0eff_temp_С";d:-250.397900068923576100132777355611324310302734375;s:17:"\0*\0orbital_radius";d:31.717663354986623147624413832090795040130615234375;s:17:"\0*\0orbital_period";d:227.6170549147481096952105872333049774169921875;s:6:"\0*\0day";i:27;s:13:"\0*\0axial_tilt";i:24;s:13:"\0*\0mass_earth";d:0.80948384060244726878607934850151650607585906982421875;s:10:"\0*\0gravity";d:13.665747784295291467060451395809650421142578125;s:13:"\0*\0atmosphere";a:3:{s:8:"pressure";d:0.00259999999999999988065102485279567190445959568023681640625;s:9:"structure";a:2:{s:2:"N2";d:94.2999999999999971578290569595992565155029296875;s:2:"H2";d:5.7000000000000028421709430404007434844970703125;}s:6:"clouds";i:0;}s:7:"\0*\0name";s:41:"каменная планета Planet437";s:7:"\0*\0text";s:201:"Это космический объект<br><br>Это планета<br>Она называется «Planet437»<br>Она принадлежит к типу «каменная планета»<br>";s:7:"\0*\0mass";d:4834237496077815119872000;s:9:"\0*\0radius";i:4859;s:16:"\0*\0galaxy_coords";a:3:{s:1:"x";i:-516;s:1:"y";i:885;s:1:"z";i:-79;}s:13:"\0*\0sattelites";a:0:{}}i:9;O:6:"Planet":17:{s:9:"\0*\0energy";d:0.04912445267074989907474247274876688607037067413330078125;s:9:"\0*\0albedo";d:0.434999999999999997779553950749686919152736663818359375;s:11:"\0*\0eff_temp";d:18.70331715398530292304712929762899875640869140625;s:14:"\0*\0eff_temp_С";d:-254.296682846014704182380228303372859954833984375;s:17:"\0*\0orbital_radius";d:63.25056362246846930474930559284985065460205078125;s:17:"\0*\0orbital_period";d:640.9875904509423207855434156954288482666015625;s:6:"\0*\0day";i:14;s:13:"\0*\0axial_tilt";i:17;s:13:"\0*\0mass_earth";d:0.715059617194854002519832647521980106830596923828125;s:10:"\0*\0gravity";d:16.421874791780265212537415209226310253143310546875;s:13:"\0*\0atmosphere";a:3:{s:8:"pressure";i:160;s:9:"structure";a:5:{s:2:"N2";d:97.1200000000000045474735088646411895751953125;s:3:"CH4";d:1.8400000000000000799360577730112709105014801025390625;s:2:"He";d:0.7800000000000000266453525910037569701671600341796875;s:4:"C4H2";d:0.2399999999999999911182158029987476766109466552734375;s:2:"H2";d:0.0200000000000000004163336342344337026588618755340576171875;}s:6:"clouds";i:58;}s:7:"\0*\0name";s:41:"каменная планета Planet292";s:7:"\0*\0text";s:201:"Это космический объект<br><br>Это планета<br>Она называется «Planet292»<br>Она принадлежит к типу «каменная планета»<br>";s:7:"\0*\0mass";d:4270336033887668244840448;s:9:"\0*\0radius";i:4166;s:16:"\0*\0galaxy_coords";a:3:{s:1:"x";i:-516;s:1:"y";i:885;s:1:"z";i:-79;}s:13:"\0*\0sattelites";a:0:{}}}}', '-516,885,-79');

-- --------------------------------------------------------

--
-- Структура таблицы `glx_users`
--

CREATE TABLE IF NOT EXISTS `glx_users` (
  `id` int(11) NOT NULL auto_increment,
  `login` varchar(30) NOT NULL,
  `hash` varchar(128) NOT NULL,
  `civilisation` int(11) NOT NULL default '0',
  PRIMARY KEY  (`id`),
  UNIQUE KEY `login` (`login`)
) ENGINE=MyISAM  DEFAULT CHARSET=utf8 AUTO_INCREMENT=14 ;

--
-- Дамп данных таблицы `glx_users`
--

INSERT INTO `glx_users` (`id`, `login`, `hash`, `civilisation`) VALUES
(1, 'tairesh', '$2wmGBWox4X66', 0),
(2, 'admin', '$2qu9ZcPX7gYc', 0),
(3, 'goldcomru', '$2a$10$ba23122125c1c888f6d27O.PPlxvysCKcFbaQUEJhtBUP0Dsd8dnW', 3),
(4, 'kreol', '$2a$10$f6ab9e452af4519dc1198u9Aa5BiZ81wRCVMcyfeQn15gS0.dXAX2', 2),
(5, 'glaider', '$2a$10$abb21bb30af10cda347f5uwoPqT1TVAOqEmLD37si5zH/6.e4heW2', 5),
(6, 'alien', '$2a$10$2119f076422a29c5330e9u1LVi1rfUDEvwsrfVnDz/NkHTsktPyym', 22),
(7, 'alex', '$2a$10$cb3d9ecc3956bfb0beadduD3ToqnKPPpOHAhDLKbygW1k/KBcTizi', 0),
(9, 'vatslav', '$2a$10$560b596ea9fcabce7ec78urwuItc3Ie2t4opUns/e5mxp3aSnKD8.', 4),
(8, 'lol', '$2a$10$ae74bc5bd6168e42adb92ORNxBn3ZFL8WHtbXcetljjgGIYrzDyDC', 0),
(10, 'ant', '$2a$10$597c71ec308af3a50e781uKP1ja2KxqVkwOu46GIqXfc85Lgx7mXu', 7),
(11, 'silicon', '$2a$10$5255e6502a4c8c99182a4ukmZjAzJiDYY2JARfZD2Jb5JA3eX3XM2', 10),
(12, 'sorrow_knight', '$2WoYRzOVrars', 24),
(13, 'root', '$2PhG1Z1PWlgM', 0);
